{"name":"Abrir nueva pestaña y volver a la original","id":"manejo-de-pestañas-en-demoqa;abrir-nueva-pestaña-y-volver-a-la-original","scenarioId":"demoqa/browser_windows:Abrir nueva pestaña y volver a la original","methodName":"Abrir nueva pestaña y volver a la original","testSteps":[{"number":1,"description":"Given el usuario abre la web de DemoQA Browser Windows","duration":5714,"startTime":"2025-12-13T23:30:02.127323300-05:00[America/Lima]","screenshots":[{"screenshot":"ede6fc68e6c74cd7661687e03fe78993c06ccb372ebab1daac832a1e5b6963e7.png","timeStamp":1765686602363,"screenshotName":"ede6fc68e6c74cd7661687e03fe78993c06ccb372ebab1daac832a1e5b6963e7.png"},{"screenshot":"ad4e342ce03adbbce1f085ea27e354a3492eb36a65aac90761c2a94ada918d5d.png","timeStamp":1765686607841,"screenshotName":"ad4e342ce03adbbce1f085ea27e354a3492eb36a65aac90761c2a94ada918d5d.png"}],"result":"SUCCESS","precondition":false,"level":0,"children":[{"number":2,"description":"Fito abre DemoQA Browser Windows","duration":5302,"startTime":"2025-12-13T23:30:02.534005800-05:00[America/Lima]","screenshots":[{"screenshot":"ede6fc68e6c74cd7661687e03fe78993c06ccb372ebab1daac832a1e5b6963e7.png","timeStamp":1765686602667,"screenshotName":"ede6fc68e6c74cd7661687e03fe78993c06ccb372ebab1daac832a1e5b6963e7.png"},{"screenshot":"ad4e342ce03adbbce1f085ea27e354a3492eb36a65aac90761c2a94ada918d5d.png","timeStamp":1765686607836,"screenshotName":"ad4e342ce03adbbce1f085ea27e354a3492eb36a65aac90761c2a94ada918d5d.png"}],"result":"SUCCESS","precondition":false,"level":1,"children":[{"number":3,"description":"Fito opens the browser at https://demoqa.com/browser-windows","duration":5154,"startTime":"2025-12-13T23:30:02.677692400-05:00[America/Lima]","screenshots":[{"screenshot":"ede6fc68e6c74cd7661687e03fe78993c06ccb372ebab1daac832a1e5b6963e7.png","timeStamp":1765686602680,"screenshotName":"ede6fc68e6c74cd7661687e03fe78993c06ccb372ebab1daac832a1e5b6963e7.png"},{"screenshot":"ad4e342ce03adbbce1f085ea27e354a3492eb36a65aac90761c2a94ada918d5d.png","timeStamp":1765686607832,"screenshotName":"ad4e342ce03adbbce1f085ea27e354a3492eb36a65aac90761c2a94ada918d5d.png"}],"result":"SUCCESS","precondition":false,"level":2}]}]},{"number":4,"description":"When hace click en el boton New Tab","duration":333,"startTime":"2025-12-13T23:30:07.841464900-05:00[America/Lima]","screenshots":[{"screenshot":"a7a9c0464d6f75b6beaa86e46d3995b07a8c1a8e536ce742d27a7b15cbff139b.png","timeStamp":1765686608174,"screenshotName":"a7a9c0464d6f75b6beaa86e46d3995b07a8c1a8e536ce742d27a7b15cbff139b.png"}],"result":"SUCCESS","precondition":false,"level":0,"children":[{"number":5,"description":"Fito clicks on botón New Tab","duration":319,"startTime":"2025-12-13T23:30:07.852973900-05:00[America/Lima]","screenshots":[{"screenshot":"a7a9c0464d6f75b6beaa86e46d3995b07a8c1a8e536ce742d27a7b15cbff139b.png","timeStamp":1765686608172,"screenshotName":"a7a9c0464d6f75b6beaa86e46d3995b07a8c1a8e536ce742d27a7b15cbff139b.png"}],"result":"SUCCESS","precondition":false,"level":1}]},{"number":6,"description":"Then cambia a la nueva pestaña y valida que existe el texto \"This is a sample page\"","duration":214,"startTime":"2025-12-13T23:30:08.174530-05:00[America/Lima]","screenshots":[{"screenshot":"78d31be53cf130b2954394ff7a0a7562289a086ec9e3d2046d92f8fcc3eb2e55.png","timeStamp":1765686608389,"screenshotName":"78d31be53cf130b2954394ff7a0a7562289a086ec9e3d2046d92f8fcc3eb2e55.png"}],"result":"SUCCESS","precondition":false,"level":0,"children":[{"number":7,"description":"Fito should see  that is true","duration":168,"startTime":"2025-12-13T23:30:08.219529-05:00[America/Lima]","screenshots":[{"screenshot":"78d31be53cf130b2954394ff7a0a7562289a086ec9e3d2046d92f8fcc3eb2e55.png","timeStamp":1765686608361,"screenshotName":"78d31be53cf130b2954394ff7a0a7562289a086ec9e3d2046d92f8fcc3eb2e55.png"}],"result":"SUCCESS","precondition":false,"level":1}]},{"number":8,"description":"And regresa a la pestaña original","duration":321,"startTime":"2025-12-13T23:30:08.389279200-05:00[America/Lima]","screenshots":[{"screenshot":"d6b920f61f1467503431ef3bce7bf60b4986b70211cc0f0ca694ee2f358b9df6.png","timeStamp":1765686608710,"screenshotName":"d6b920f61f1467503431ef3bce7bf60b4986b70211cc0f0ca694ee2f358b9df6.png"}],"result":"SUCCESS","precondition":false,"level":0,"children":[{"number":9,"description":"Fito should see a value that contains: \u003c[demoqa.com/browser-windows]\u003e","duration":228,"startTime":"2025-12-13T23:30:08.480146300-05:00[America/Lima]","screenshots":[{"screenshot":"d6b920f61f1467503431ef3bce7bf60b4986b70211cc0f0ca694ee2f358b9df6.png","timeStamp":1765686608701,"screenshotName":"d6b920f61f1467503431ef3bce7bf60b4986b70211cc0f0ca694ee2f358b9df6.png"}],"result":"SUCCESS","precondition":false,"level":1}]}],"userStory":{"id":"demoqa/browser_windows","storyName":"Manejo de pestañas en DemoQA","displayName":"Manejo de pestañas en DemoQA","path":"demoqa/browser_windows","pathElements":[{"name":"demoqa","description":""},{"name":"browser_windows","description":""}],"type":"feature"},"title":"Abrir nueva pestaña y volver a la original","description":"","startTime":"2025-12-13T23:30:01.226538600-05:00[America/Lima]","endTime":"2025-12-13T23:30:08.824450600-05:00[America/Lima]","duration":6410,"projectKey":"","driver":"chrome","isManualTestingUpToDate":false,"manual":false,"testSource":"Cucumber","actors":[{"name":"Fito","can":["browse the web"]}],"order":0,"result":"SUCCESS"}